{
  "model_key": "exaone-32b-sbatch",
  "sample_n": 1000,
  "timestamp": "2026-03-13T19:42:34.008906+00:00",
  "nodes": {
    "llm_summarise": {
      "n": 1000,
      "wall_clock_seconds": 297.59817123413086,
      "slurm_seconds": 108,
      "elapsed_seconds": 108,
      "seconds_per_ad": 0.108,
      "node_hours": 0.0075
    },
    "llm_filter_candidates": {
      "n": 1000,
      "wall_clock_seconds": 167.5380368232727,
      "slurm_seconds": 89,
      "elapsed_seconds": 89,
      "seconds_per_ad": 0.089,
      "node_hours": 0.0061805555555555555
    }
  }
}