{
  "model_key": "gemma-27b-sbatch",
  "sample_n": 1000,
  "timestamp": "2026-03-13T19:29:45.441700+00:00",
  "nodes": {
    "llm_summarise": {
      "n": 1000,
      "wall_clock_seconds": 475.08705830574036,
      "slurm_seconds": 291,
      "elapsed_seconds": 291,
      "seconds_per_ad": 0.291,
      "node_hours": 0.02020833333333333
    },
    "llm_filter_candidates": {
      "n": 996,
      "wall_clock_seconds": 216.70466303825378,
      "slurm_seconds": 137,
      "elapsed_seconds": 137,
      "seconds_per_ad": 0.13755020080321284,
      "node_hours": 0.00951388888888889
    }
  }
}