{
  "model_key": "ministral-8b-sbatch",
  "sample_n": 1000,
  "timestamp": "2026-03-13T17:18:13.725189+00:00",
  "nodes": {
    "llm_summarise": {
      "n": 1000,
      "wall_clock_seconds": 326.40339398384094,
      "slurm_seconds": 143,
      "elapsed_seconds": 143,
      "seconds_per_ad": 0.143,
      "node_hours": 0.009930555555555555
    },
    "llm_filter_candidates": {
      "n": 1000,
      "wall_clock_seconds": 282.6078290939331,
      "slurm_seconds": 202,
      "elapsed_seconds": 202,
      "seconds_per_ad": 0.202,
      "node_hours": 0.014027777777777778
    }
  }
}