{
  "model_key": "mistral-7b-sbatch",
  "sample_n": 1000,
  "timestamp": "2026-03-13T17:02:30.621980+00:00",
  "nodes": {
    "llm_summarise": {
      "n": 1000,
      "wall_clock_seconds": 199.19948601722717,
      "slurm_seconds": 83,
      "elapsed_seconds": 83,
      "seconds_per_ad": 0.083,
      "node_hours": 0.005763888888888889
    },
    "llm_filter_candidates": {
      "n": 999,
      "wall_clock_seconds": 188.6663920879364,
      "slurm_seconds": 107,
      "elapsed_seconds": 107,
      "seconds_per_ad": 0.10710710710710711,
      "node_hours": 0.007430555555555556
    }
  }
}