{
  "model_key": "phi-4-sbatch",
  "sample_n": 1000,
  "timestamp": "2026-03-13T19:11:05.332352+00:00",
  "nodes": {
    "llm_summarise": {
      "n": 1000,
      "wall_clock_seconds": 209.61177897453308,
      "slurm_seconds": 120,
      "elapsed_seconds": 120,
      "seconds_per_ad": 0.12,
      "node_hours": 0.008333333333333333
    },
    "llm_filter_candidates": {
      "n": 1000,
      "wall_clock_seconds": 132.1805078983307,
      "slurm_seconds": 60,
      "elapsed_seconds": 60,
      "seconds_per_ad": 0.06,
      "node_hours": 0.004166666666666667
    }
  }
}