{
  "model_key": "qwen-72b-sbatch",
  "sample_n": 1000,
  "timestamp": "2026-03-13T16:32:03.632580+00:00",
  "nodes": {
    "llm_summarise": {
      "n": 1000,
      "wall_clock_seconds": 691.6383819580078,
      "slurm_seconds": 185,
      "elapsed_seconds": 185,
      "seconds_per_ad": 0.185,
      "node_hours": 0.012847222222222222
    },
    "llm_filter_candidates": {
      "n": 1000,
      "wall_clock_seconds": 274.0098650455475,
      "slurm_seconds": 150,
      "elapsed_seconds": 150,
      "seconds_per_ad": 0.15,
      "node_hours": 0.010416666666666666
    }
  }
}