{
  "model_key": "qwen-7b-sbatch",
  "sample_n": 1000,
  "timestamp": "2026-03-13T07:38:58.099031+00:00",
  "nodes": {
    "llm_summarise": {
      "n": 1000,
      "wall_clock_seconds": 272.4337112903595,
      "slurm_seconds": 48,
      "elapsed_seconds": 48,
      "seconds_per_ad": 0.048,
      "node_hours": 0.0033333333333333335
    },
    "llm_filter_candidates": {
      "n": 1000,
      "wall_clock_seconds": 166.7445249557495,
      "slurm_seconds": 38,
      "elapsed_seconds": 38,
      "seconds_per_ad": 0.038,
      "node_hours": 0.002638888888888889
    }
  }
}
