{
  "model_key": "qwen-32b-sbatch",
  "sample_n": 1000,
  "timestamp": "2026-03-13T16:08:26.905090+00:00",
  "nodes": {
    "llm_summarise": {
      "n": 1000,
      "wall_clock_seconds": 390.2116777896881,
      "slurm_seconds": 86,
      "elapsed_seconds": 86,
      "seconds_per_ad": 0.086,
      "node_hours": 0.0059722222222222225
    },
    "llm_filter_candidates": {
      "n": 1000,
      "wall_clock_seconds": 276.1699779033661,
      "slurm_seconds": 172,
      "elapsed_seconds": 172,
      "seconds_per_ad": 0.172,
      "node_hours": 0.011944444444444445
    }
  }
}