{
  "model_key": "qwen-14b-sbatch",
  "sample_n": 1000,
  "timestamp": "2026-03-13T10:56:54.130143+00:00",
  "nodes": {
    "llm_summarise": {
      "n": 1000,
      "wall_clock_seconds": 344.81064915657043,
      "slurm_seconds": 60,
      "elapsed_seconds": 60,
      "seconds_per_ad": 0.06,
      "node_hours": 0.004166666666666667
    },
    "llm_filter_candidates": {
      "n": 1000,
      "wall_clock_seconds": 182.18521237373352,
      "slurm_seconds": 57,
      "elapsed_seconds": 57,
      "seconds_per_ad": 0.057,
      "node_hours": 0.003958333333333334
    }
  }
}