{
  "model_key": "arctic-embed-l-sbatch",
  "sample_n": 1000,
  "timestamp": "2026-03-13T17:18:13.725189+00:00",
  "nodes": {
    "embed_ads": {
      "n": 1000,
      "wall_clock_seconds": 139.5719759464264,
      "slurm_seconds": 49,
      "elapsed_seconds": 49,
      "seconds_per_ad": 0.049,
      "node_hours": 0.003402777777777778
    },
    "embed_onet": {
      "n_occupations": 861,
      "wall_clock_seconds": 98.03371524810791,
      "slurm_seconds": 32,
      "elapsed_seconds": 32,
      "node_hours": 0.0022222222222222222
    }
  }
}