{
  "model_key": "bge-large-sbatch",
  "sample_n": 1000,
  "timestamp": "2026-03-13T07:38:58.099031+00:00",
  "nodes": {
    "embed_ads": {
      "n": 1000,
      "wall_clock_seconds": 59.9644250869751,
      "slurm_seconds": 27,
      "elapsed_seconds": 27,
      "seconds_per_ad": 0.027,
      "node_hours": 0.001875
    },
    "embed_onet": {
      "n_occupations": 861,
      "wall_clock_seconds": 60.202317237854004,
      "slurm_seconds": 24,
      "elapsed_seconds": 24,
      "node_hours": 0.0016666666666666666
    }
  }
}
