{
  "model_key": "e5-large-sbatch",
  "sample_n": 1000,
  "timestamp": "2026-03-13T10:56:54.130143+00:00",
  "nodes": {
    "embed_ads": {
      "n": 1000,
      "wall_clock_seconds": 121.80361294746399,
      "slurm_seconds": 35,
      "elapsed_seconds": 35,
      "seconds_per_ad": 0.035,
      "node_hours": 0.0024305555555555556
    },
    "embed_onet": {
      "n_occupations": 861,
      "wall_clock_seconds": 95.5163848400116,
      "slurm_seconds": 35,
      "elapsed_seconds": 35,
      "node_hours": 0.0024305555555555556
    }
  }
}