{
  "model_key": "embedding-gemma-sbatch",
  "sample_n": 1000,
  "timestamp": "2026-03-13T17:02:30.621980+00:00",
  "nodes": {
    "embed_ads": {
      "n": 999,
      "wall_clock_seconds": 116.82661509513855,
      "slurm_seconds": 38,
      "elapsed_seconds": 38,
      "seconds_per_ad": 0.03803803803803804,
      "node_hours": 0.002638888888888889
    },
    "embed_onet": {
      "n_occupations": 861,
      "wall_clock_seconds": 102.36895895004272,
      "slurm_seconds": 32,
      "elapsed_seconds": 32,
      "node_hours": 0.0022222222222222222
    }
  }
}