{
  "model_key": "gte-large-sbatch",
  "sample_n": 1000,
  "timestamp": "2026-03-13T16:08:26.905090+00:00",
  "nodes": {
    "embed_ads": {
      "n": 1000,
      "wall_clock_seconds": 113.78351426124573,
      "slurm_seconds": 28,
      "elapsed_seconds": 28,
      "seconds_per_ad": 0.028,
      "node_hours": 0.0019444444444444444
    },
    "embed_onet": {
      "n_occupations": 861,
      "wall_clock_seconds": 85.7806510925293,
      "slurm_seconds": 26,
      "elapsed_seconds": 26,
      "node_hours": 0.0018055555555555555
    }
  }
}