{
  "model_key": "llama-embed-nemotron-sbatch",
  "sample_n": 1000,
  "timestamp": "2026-03-13T19:29:45.441700+00:00",
  "nodes": {
    "embed_ads": {
      "n": 996,
      "wall_clock_seconds": 192.90764021873474,
      "slurm_seconds": 43,
      "elapsed_seconds": 43,
      "seconds_per_ad": 0.04317269076305221,
      "node_hours": 0.0029861111111111113
    },
    "embed_onet": {
      "n_occupations": 861,
      "wall_clock_seconds": 130.63841605186462,
      "slurm_seconds": 46,
      "elapsed_seconds": 46,
      "node_hours": 0.003194444444444444
    }
  }
}