{
  "model_key": "nomic-embed-sbatch",
  "sample_n": 1000,
  "timestamp": "2026-03-13T16:32:03.632580+00:00",
  "nodes": {
    "embed_ads": {
      "n": 1000,
      "wall_clock_seconds": 214.58127999305725,
      "slurm_seconds": 64,
      "elapsed_seconds": 64,
      "seconds_per_ad": 0.064,
      "node_hours": 0.0044444444444444444
    },
    "embed_onet": {
      "n_occupations": 861,
      "wall_clock_seconds": 136.8420147895813,
      "slurm_seconds": 29,
      "elapsed_seconds": 29,
      "node_hours": 0.002013888888888889
    }
  }
}