{
  "model_key": "qwen3-embed-8b-sbatch",
  "sample_n": 1000,
  "timestamp": "2026-03-13T19:11:05.332352+00:00",
  "nodes": {
    "embed_ads": {
      "n": 1000,
      "wall_clock_seconds": 3047.775412082672,
      "slurm_seconds": 46,
      "elapsed_seconds": 46,
      "seconds_per_ad": 0.046,
      "node_hours": 0.003194444444444444
    },
    "embed_onet": {
      "n_occupations": 861,
      "wall_clock_seconds": 100.9897711277008,
      "slurm_seconds": 58,
      "elapsed_seconds": 58,
      "node_hours": 0.004027777777777778
    }
  }
}