{
  "llm_model_key": "qwen-7b-sbatch",
  "embedding_model_key": "bge-large-mac",
  "sample_n": 1000,
  "timestamp": "2026-03-12T22:51:59.417758+00:00",
  "nodes": {
    "llm_summarise": {
      "n_total": 1000,
      "n_success": 1000,
      "n_failed": 0,
      "started_at": 1773355108.124058,
      "ended_at": 1773355456.583499,
      "elapsed_seconds": 348.459440946579,
      "seconds_per_ad": 0.348459440946579
    },
    "llm_filter_candidates": {
      "n_total": 1000,
      "n_success": 966,
      "n_failed": 34,
      "started_at": 1773355743.08127,
      "ended_at": 1773355916.101568,
      "elapsed_seconds": 173.0202980041504,
      "seconds_per_ad": 0.1730202980041504
    },
    "embed_ads": {
      "n_total": 1000,
      "n_embedded": 1000,
      "n_skipped": 0,
      "started_at": 1773355456.669514,
      "ended_at": 1773355523.176241,
      "elapsed_seconds": 66.50672698020935,
      "seconds_per_ad": 0.06650672698020935
    },
    "embed_onet": {
      "n_occupations": 861,
      "started_at": 1773355538.5275059,
      "ended_at": 1773355740.831908,
      "elapsed_seconds": 202.30440211296082
    }
  }
}