{
  "llm_model_key": "qwen-7b-sbatch",
  "embedding_model_key": "bge-large-sbatch",
  "sample_n": 1000,
  "timestamp": "2026-03-13T07:38:58.099031+00:00",
  "nodes": {
    "llm_summarise": {
      "n": 1000,
      "wall_clock_seconds": 272.4337112903595,
      "slurm_seconds": 48,
      "elapsed_seconds": 48,
      "seconds_per_ad": 0.048,
      "node_hours": 0.0033333333333333335
    },
    "llm_filter_candidates": {
      "n": 1000,
      "wall_clock_seconds": 166.7445249557495,
      "slurm_seconds": 38,
      "elapsed_seconds": 38,
      "seconds_per_ad": 0.038,
      "node_hours": 0.002638888888888889
    },
    "embed_ads": {
      "n": 1000,
      "wall_clock_seconds": 59.9644250869751,
      "slurm_seconds": 27,
      "elapsed_seconds": 27,
      "seconds_per_ad": 0.027,
      "node_hours": 0.001875
    },
    "embed_onet": {
      "n_occupations": 861,
      "wall_clock_seconds": 60.202317237854004,
      "slurm_seconds": 24,
      "elapsed_seconds": 24,
      "node_hours": 0.0016666666666666666
    }
  }
}